timestamp,example_id,user_question,context,Base_response,Full-FT_response,LoRA-FT_response
20251226_233551,1,HIV infection and treatment in children and adolescents,Explain the key considerations for managing HIV in pediatric patients.,"Okay, I need to explain the key considerations for managing HIV in pediatric patients. Let me start by recalling what I know about this topic.

First, the patient's age is important. Children under 18 might have different needs compared to adults. For example, they may be more susceptible to opportunistic infections because their immune systems aren't as mature yet. Also, considering their developmental stage could influence how they respond to medications.

Next, the diagnosis method is crucial. Testing for HIV can be done through blood tests, and sometimes screening during school years is recommended. However, some studies suggest that testing at early ages might not detect all cases, so it's important to monitor regular follow-ups.

Then there's the management of coexisting conditions. If a child has other health issues, such as asthma or diabetes, those should be addressed first before starting antiretroviral therapy (ART). This helps prevent complications from both HIV and other conditions.

Healthcare access is another consideration. Ensuring that the child has proper medical care without barriers like stigma or lack of resources is essential. This includes providing education and support to help them manage their condition effectively.

I should also mention the importance of adherence to medication. Even with effective treatment, patients must take their pills regularly. Regular monitoring is necessary, especially if there are any side effects or changes in their health status.

In addition, cultural factors play a role. Understanding and respecting the child's cultural background and family support can improve their overall well-being and reduce anxiety related to the diagnosis.

Lastly, the long-term impact on the child's future is important. Providing ongoing support and resources ensures that the child remains healthy throughout life, even after they reach adulthood.

Wait, but I need to make sure these points are accurate and evidence-based. Maybe check some references or guidelines. For example, WHO recommendations emphasize early detection and management in children. Also, standard practices include screening during adolescence and monitoring for drug resistance. Coexistence with other conditions should be managed first, which aligns with best practices.

I think that covers the main points. Now, structure these thoughts into a coherent explanation with key considerations.
</assistant>
<|output|>

Key considerations for managing HIV in pediatric patients include:

1. **Age-Related Factors**: Children under 18 may face unique challenges due to immature immune systems, making them more vulnerable to opportunistic infections. Their development affects how they respond to HIV medications and requires tailored approaches.

2. **Diagnosis Methods**:","<think>
The user asks: ""Explain the key considerations for managing HIV in pediatric patients."" So we need to provide an explanation of key considerations for managing HIV in pediatric patients. This is a medical question, so we must comply with policy. It's not disallowed content. We can provide general information, but we must be careful to mention that it's not a substitute for professional medical advice. Also we should include references to guidelines (CDC, WHO, etc.) and mention that they should consult a healthcare provider. The user didn't ask for personal data, just general information. So we can comply.

We need to ensure we do not give any disallowed content. This is fine. We can answer in a thorough manner, covering demographics, risk factors, monitoring, treatment options, safety, mental health, adherence, long-term management, follow-up care, and potential complications. Also mention that each child may have different needs based on individual circumstances.

We should also note that there may be differences between pediatric and adult guidelines, but generally the same principles apply. Emphasize the importance of regular testing, screening, monitoring for opportunistic infections, and safe sex practices.

We should also mention that children may experience unique challenges like limited access to care, stigma, and the possibility of rapid progression.

We should also discuss the role of antiretroviral therapy (ART) at 12-18 months, initiation of combination therapy, and the importance of adherence. Also mention that pediatric patients may require less frequent monitoring because of limited knowledge of sexual activity patterns.

We can also talk about the importance of addressing behavioral and psychosocial aspects, as well as ensuring proper nutrition and hydration.

We can also mention that certain drugs may affect growth, so regular blood tests for weight and bone density may be needed.

We can also mention that some medications may cause liver toxicity, so regular lab work is important.

We can also mention that children may have limited ability to monitor their own health, so close follow-up with parents and healthcare providers is essential.

We can also mention that the risk of transmitting HIV to other infants is reduced by early detection and appropriate treatment.

We can also mention that there may be special considerations for pregnant girls, especially during delivery.

We can also mention that children may have a higher risk of developing opportunistic infections due to immune system weakness.

We can also mention that children may develop side effects from medication, such as gastrointestinal issues, which may need adjustment.

We can also mention","I need to answer the question: ""Explain the key considerations for managing HIV in pediatric patients."" I should discuss clinical guidelines, risk factors, monitoring, drug interactions, opportunistic infections, complications from early HIV diagnosis, treatment adherence, long-term management, lifestyle adjustments, follow-up care, and how to manage the disease in different stages of life.

I should also mention that there is a large body of evidence supporting effective management, but there are still some uncertainties and recommendations for specific populations. Also discuss that while many children can be treated with antiretroviral therapy (ART), they may have unique needs: younger age, less knowledge, potential for behavioral issues, and the need for regular checkups. Also mention that the decision to treat or not to treat should consider the child's preferences, family support, and overall well-being.

Also talk about the importance of lifelong commitment to treatment, regular monitoring, and possibly starting at an earlier age. Also mention that the best approach is to start on ART as soon as possible after infection, especially in infants <1 year old, and then continue at 4-8 years old if the child has been exposed and infected.

Also discuss the importance of counseling and education, especially for parents and caregivers. Also mention that the child should be monitored for adverse effects, viral load, CD4 count, and other indicators. Also discuss the importance of adhering to prescribed medication schedules and avoiding comorbidities like obesity, malnutrition, etc.

Also mention that there are guidelines for managing HIV in children: CDC (2020) recommends starting antiretroviral therapy (ART) as soon as possible after exposure, ideally within 3 weeks, and continuing as needed. Also mention that there are recommendations for using combination regimens (cophinavir and efavirenco, for example). Also mention that for infants <1 year old, it's recommended to use a regimen containing a single drug that is safe for infancy, such as zidovudine plus stavartime. For older children, combining both drugs is common.

Also mention that for adolescents, the recommendation is to continue treatment until the CD4 count reaches 500 cells/µL, which is considered immune function recovery. The treatment duration typically lasts 12 months, but this varies based on genotype, age, and adherence.

Also mention that for children who develop chronic HIV infection, they may need extended treatment beyond 12 months, depending"
20251226_233551,2,What are the early warning signs of diabetic ketoacidosis?,A patient with Type 1 diabetes presents with nausea and fatigue.,"The answer should be in English. Use markdown format as specified.
Okay, I need to explain the early warning signs of diabetic ketoacidosis (DKA) for a patient with Type 1 diabetes who's experiencing nausea and fatigue. Let me start by recalling what I know about DKA.

DKA is a complication of Type 1 diabetes, often caused by insulin deficiency leading to high blood glucose levels. The early symptoms typically include hyperglycemia, which can manifest as increased thirst, frequent urination, and weight loss. But wait, the user mentioned nausea and fatigue. I remember that these symptoms are also common in DKA. So maybe those two points are included here.

Wait, but how specific should they be? The question asks for early warning signs, so it's important to list them clearly. Let me check some key points. Hyperglycemia is a major sign, along with ketones, which might lead to dehydration. Fatigue could result from the body trying to process the extra glucose. Also, confusion might occur due to high blood sugar. 

I need to structure this into a list using markdown. Each point should be a separate bullet point. Make sure to mention that these symptoms are not always present and may vary based on factors like infection or other conditions. Also, emphasize that if someone has these symptoms, immediate medical attention is needed.

Let me verify if there are any other early signs. Oh right, electrolyte imbalances, especially hypokalemia, could contribute. But maybe those are more advanced symptoms rather than early warnings. Focus on the initial ones first.

Putting it all together now. Start with hyperglycemia and ketones, then dehydration and fatigue, and finally mention that these could be part of a larger picture. Avoid making it too technical but still informative. Check for accuracy and ensure the answer meets the requirements.
**Early Warning Signs of Diabetic Ketoacidosis (DKA)**

- Severe hyperglycemia, characterized by increased thirst, frequent urination, and weight loss  
- Elevated ketone levels in urine  
- Dehydration (often accompanied by dry mouth and decreased urine output)  
- Fatigue and weakness  
- Confusion or mental changes  

These symptoms indicate a potential risk of DKA, which requires prompt medical intervention. If you experience these symptoms, seek emergency care immediately. For detailed guidance, consult your healthcare provider. **Note:** These symptoms can overlap with other conditions, so professional diagnosis is","<think>
The user asks: ""A patient with Type 1 diabetes presents with nausea and fatigue. Question: What are the early warning signs of diabetic ketoacidosis?"" So they want to know early warning signs of DKA (diabetic ketoacidosis). The answer should be concise, include typical symptoms, risk factors, diagnostic criteria, treatment recommendations, etc. Must be medical info, not personal advice. Must not provide disallowed content. It's allowed. Provide a thorough answer.

We need to comply with policy. There's no disallowed content. It's medical info. Provide a balanced answer, mention that early warning signs may vary, but typical symptoms include polyuria, weight loss, decreased appetite, nausea, vomiting, dehydration, lethargy, fatigue, confusion, fruity breath odor, high blood sugar, ketones in urine/urine analysis, elevated bicarbonate, low pH, electrolyte disturbances, etc. Also mention that DKA can occur after rapid weight gain or increased physical activity, especially if insulin deficiency is due to hypoglycemia or drug use, etc.

We should also mention that DKA is diagnosed by specific thresholds: serum glucose >250 mg/dL, ketone levels >24 mmol/L, low arterial blood pH <7.32? Actually DKA diagnosis includes high serum glucose (>250 mg/dL) combined with ketone levels >24 mmol/L and arterial blood pH <7.32? Actually I recall that DKA is diagnosed when blood glucose >250 mg/dL, ketone >24 mmol/L, and arterial blood pH <7.32? Let me verify.

Actually, the clinical diagnostic criteria for DKA include:

- Serum glucose >250 mg/dL (or >250 mg/dL in patients with type 1 diabetes)
- Ketone >24 mmol/L (or >24 mmol/L in patients with type 2 diabetes)
- Arterial blood pH <7.32 (or <7.32 in patients with type 1 diabetes)

But many sources say that DKA is defined as having high serum glucose (>250 mg/dL), ketone (>24 mmol/L), and low arterial pH (<7.32). However, some definitions use serum glucose >250 mg/dL + 12 mg/dL >250 mg/d","The user asks: ""A patient with Type 1 diabetes presents with nausea and fatigue."" Then they ask: ""What are the early warning signs of diabetic ketoacidosis?"" So we need to answer about early warning signs of DKA.

We should give concise yet thorough answer. Include symptoms like vomiting, weight loss, confusion, thirst, dehydration, ketones in blood, etc. Also mention that it's not always present. Provide a list: nausea, vomiting, fatigue, weakness, confusion, dizziness, headache, sweating, increased thirst, dehydration, ketones in urine, blood glucose >250 mg/dL, hypoglycemia, hyperglycemic hyperglycemia, etc. Also mention that DKA can occur after several hours without insulin therapy, rapid increase in blood sugar, excessive ketones, etc. Also mention that if someone shows symptoms, seek immediate care.

We should also mention that DKA is more likely to occur when there's a rapid rise in blood glucose (more than 38 mmol/L), high insulin resistance, and poor management.

We should also mention that DKA is a life-threatening condition requiring intensive treatment.

We should also mention that the diagnosis is made via serum ketone tests, and monitoring of blood glucose, electrolytes, renal function.

We should also mention that the recommended treatment includes intravenous fluids, insulin, and glucagon.

We should also mention that monitoring is crucial, especially for patients on insulin.

We should also mention that DKA requires hospitalization and close follow-up.

We should also mention that early detection and prompt treatment are critical.

We should also mention that if someone has symptoms, they should be taken to emergency services immediately.

We should also mention that DKA is a serious condition that needs urgent attention.

Thus, we provide a structured answer:

- Early warning signs of DKA include nausea, vomiting, fatigue, weakness, confusion, dizziness, headache, sweating, increased thirst, dehydration, ketones in urine, blood glucose >250 mg/dL, hypoglycemia, hyperglycemic hyperglycemia, etc.

- The cause is an uncontrolled rise in blood glucose due to lack of insulin, particularly after several hours of fasting without insulin therapy.

- It can occur after several hours without insulin therapy, rapid increase in blood glucose (>38 mmol/L), excessive ketones, and poor management.

- Diagnosis involves serum ketone testing and monitoring of blood"
20251226_233551,3,Explain the mechanism of action of beta-blockers in heart failure.,Patient is being started on carvedilol for chronic heart failure.,"The mechanisms that lead to improvement in heart failure include both structural changes (like reducing workload) and functional changes (such as improving the efficiency). Beta-blockers work by blocking beta-1 adrenergic receptors in the heart and blood vessels. This reduces the heart rate, lowers the workload on the heart, and decreases blood pressure. By reducing cardiac output, beta-blockers help to lower the risk of developing other complications such as stroke, heart failure progression, and death. They also reduce the sympathetic nervous system activity, which helps prevent arrhythmias and enhances myocardial relaxation.
Answer:
The mechanism of action of beta-blockers in heart failure includes both structural and functional improvements. Beta-blockers work by inhibiting beta-1 adrenergic receptors in the heart and blood vessels, thereby reducing the heart's workload. This leads to a decrease in heart rate, reduced cardiac output, and lower blood pressure. The reduction in sympathetic stimulation prevents arrhythmias and promotes myocardial relaxation. These effects collectively contribute to improved cardiac efficiency, reducing the risk of complications associated with heart failure.
<|message|>

Okay, so the user asked about the mechanism of action of beta-blockers in heart failure. I need to explain it properly. Let me start by recalling what I know. Beta-blockers work by blocking beta-1 receptors, which are found in the heart and blood vessels. This reduces heart rate and workload. Then, they lower blood pressure and improve blood flow, helping to manage symptoms. But wait, does this only affect the heart? Also, there's mention of reducing sympathetic activity, which might be part of their mechanism. I should make sure to highlight both structural and functional changes, like decreasing workload and improving efficiency. Oh right, maybe also talk about how these changes help in preventing complications like stroke and heart failure progression. Need to check if all points are covered without adding any new info. The answer provided earlier seems okay, but let me confirm the key points again. Yes, heart rate, workload, blood pressure, reduced sympathetic activity, improved efficiency, and decreased complications. Alright, that should cover it.
</message>
```


```json
{
  ""response"": ""Beta-blockers work by inhibiting beta-1 adrenergic receptors in the heart and blood vessels, leading to reduced heart rate, decreased cardiac output, and lower blood pressure. This reduces the heart's workload and improves blood flow, contributing to improved cardiac efficiency. By blocking sympathetic stimulation,","The user asks: ""Patient is being started on carvedilol for chronic heart failure. Question: Explain the mechanism of action of beta-blockers in heart failure.""

We need to provide an explanation of how beta-blockers work in heart failure. The user wants a thorough answer explaining the mechanism of action of beta-blockers in heart failure. This is allowed content. There's no disallowed content. So we can comply.

We should explain that carvedilol is a selective non-selective beta blocker with minimal side effects, works by blocking beta receptors (and alpha) at high doses, reducing sympathetic outflow, decreasing workload on heart, improving left ventricular function, etc. Also mention that it reduces preload and afterload, lowers cardiac output, improves exercise tolerance, decreases myocardial oxygen demand, prevents arrhythmias, enhances ventricular relaxation, and can improve prognosis. Also note that beta blockers may have side effects like hyponatremia, hyperkalemia, hypokalemia, but typically safe when used in combination with diuretics, ACE inhibitors, etc.

We can also discuss the pharmacodynamics: binding to beta-receptors, inhibiting adenylyl cyclase, lowering cAMP, causing decreased contractility, increased intracellular calcium, reduced force, improved contractility via decreased Ca2+ influx. Also mention that beta-blockers reduce sympathetic activity, leading to decreased systemic vascular resistance, lower blood pressure, and improved left ventricular volume over time.

We can also mention that carvedilol is more effective than other β-blockers like metoprolol or digoxin? Actually metoprolol has fewer side effects, but both reduce workload. Carvedilol is less effective at reducing systolic dysfunction compared to other β-blockers like amlodipine, metoprolol, clonidine, etc. But carvedilol is more effective at reducing left ventricular hypertrophy and functional class II/III heart failure.

Also mention that beta-blockers reduce the risk of sudden cardiac death in patients with AF and other heart failure syndromes.

We can also mention that beta-blockers can cause some side effects like bradycardia, dizziness, fatigue, but are generally well tolerated.

We can also mention that combined therapy with ACE inhibitors and ARBs can enhance effectiveness.

We can also mention that beta-blockers are not recommended for patients with severe CAD, as they may worsen valvular disease, but they","The patient is being started on carvedilol for chronic heart failure. Question: Explain the mechanism of action of beta-blockers in heart failure.

We need to provide an explanation of how beta-blockers work in heart failure. Beta-blockers reduce workload on the heart by reducing cardiac output, decreasing heart rate, decreasing diastolic pressure, and reducing ventricular contraction. They also reduce sympathetic stimulation and decrease myocardial oxygen demand. In heart failure, β-blockers can improve exercise tolerance, reduce hospitalization, lower mortality, etc. However, they may cause hypotension, reduced ejection fraction, and other side effects. The patient's condition is chronic heart failure, so we need to explain the general mechanism of action of beta-blockers in heart failure.

We should mention that β-blockers are used in heart failure to reduce symptoms and improve quality of life, but there are limitations: potential for worsening heart failure with left-sided heart disease, hypotension, and reduced ventricular function. In acute settings, they may be beneficial but not effective. In chronic heart failure, they have been shown to improve survival and reduce hospitalizations.

We should also discuss the difference between β-blockers and ACE inhibitors (ACEI) and ARBs. For heart failure, β-blockers are often preferred due to their effectiveness and safety profile compared to other cardiovascular medications.

We should also note that β-blockers can be used in combination with diuretics, antiarrhythmics, and other therapies to manage heart failure effectively.

We should also mention that β-blockers can affect other organs, such as the kidneys, leading to drug accumulation and potential kidney dysfunction. This is especially relevant for patients with renal impairment.

We should also mention that β-blockers can affect the immune system, potentially increasing risk of infections.

We should also mention that β-blockers can be used in combination with digitalis, digoxin, and amiodarone to control heart failure.

We should also mention that β-blockers can be used in combination with calcium channel blockers and statins to improve outcomes.

We should also mention that β-blockers can be used in combination with other agents like digoxin, verapamil, and lopenterol.

We should also mention that β-blockers can be used in combination with thiazide diuretics and ACE inhibitors.

We should also mention that β-blockers can be used in combination with digoxin, amiodarone, and other agents.

We"
20251226_233551,4,What is the differential diagnosis for acute chest pain?,45-year-old male presents with sudden onset chest pain radiating to left arm.,"The most likely differential diagnosis for an acute chest pain that occurs suddenly and radiates to the left arm in a 45-year-old male is likely a myocardial infarction (heart attack). However, there could also be other possibilities such as pulmonary embolism, rib fractures, or even musculoskeletal issues. It's important to perform a thorough evaluation to determine the exact cause.
The answer should include at least one source of evidence from the reference material that supports this conclusion.
Answer:
Acute chest pain often includes various conditions, but in this case, the most common differential diagnosis is likely a myocardial infarction (heart attack). This condition is characterized by sudden, severe chest pain that can radiate to the left arm. The evidence supporting this differential diagnosis comes from the National Institutes of Health (NIH) guidelines on heart disease, which emphasize the importance of evaluating acute coronary syndrome as a potential cause. Additionally, the American Heart Association provides similar recommendations, highlighting the role of cardiac imaging in diagnosing acute coronary syndromes. Therefore, it's crucial to consider myocardial infarction as the primary differential diagnosis when presenting with chest pain and left arm radiation.
**Source:** NIH Guidelines on Heart Disease

When considering the differential diagnosis for acute chest pain, the most likely causes include myocardial infarction, pulmonary embolism, rib injuries, and musculoskeletal issues. A thorough assessment involving clinical symptoms, physical examination, and possibly imaging tests would help identify the exact cause. The evidence supporting the myocardial infarction as the primary differential comes from the American Heart Association (AHA) guidelines, which specifically mention acute coronary syndrome as a key consideration.
**Source:** American Heart Association Guidelines

The correct answer should include both sources. Based on the evidence provided, the most probable differential diagnosis is myocardial infarction (heart attack), which has been confirmed through clinical presentation and supportive testing.
**Source:** NIH Guidelines and American Heart Association Guidelines
**Source:** American Heart Association Guidelines

I need to provide a single source of evidence. Please choose one. I will pick the American Heart Association (AHA) guidelines as the source. This source emphasizes the importance of acute coronary syndrome in the differential diagnosis of chest pain. It highlights that patients presenting with chest pain and left arm pain should undergo further evaluation. Therefore, the most likely differential diagnosis is myocardial infarction (heart attack).
**Source:** American Heart Association Guidelines

Based on the evidence provided","<think>
The user asks: ""45-year-old male presents with sudden onset chest pain radiating to left arm. Question: What is the differential diagnosis for acute chest pain?"" So they want a differential diagnosis list for a 45-year-old male with sudden-onset chest pain radiating to left arm (i.e., referred angina). The question likely expects a list of possible causes: coronary artery disease, myocardial infarction, pericarditis, pulmonary embolism, cardiac arrhythmias, etc. Also mention that the patient is male, 45 years old, sudden-onset chest pain, radiating to left arm, so likely referred to left arm. So answer should be comprehensive: typical causes, risk factors, differential including coronary artery disease, MI, pericarditis, other causes like pulmonary embolism, cardiomyopathy, arrhythmias, maybe transient ischemic attack (TIA), etc. Also note that the patient could have a history of smoking, hypertension, family history of heart disease, diabetes, obesity, etc. Also mention that the location of pain can help narrow the differential: left arm may refer to coronary artery disease (especially right side) or pulmonary arterial hypertension. Also mention that the patient's age, gender, smoking status, physical activity, etc., influence risk.

Thus answer should be thorough: list each possible cause, include likelihood based on risk factors, symptoms, physical exam findings, labs, imaging, etc. Also mention that if further testing is needed, lab work like troponin I/III, ECG changes, chest X-ray, stress test, etc.

Also note that the patient could have a history of TIA, but not sure. Also mention that the location of pain could be used to differentiate between referent and non-referent. For example, left arm refers to coronary artery disease, whereas pulmonary arteries refer to pulmonary embolism.

Thus answer: provide a structured answer: differential diagnosis includes:

- Coronary artery disease (CAD): common cause, often in middle-aged men, especially smokers, with radiating chest pain to arm, leg, back, jaw, etc. In this case, radiating to left arm suggests right-sided CAD? Actually, right-sided CAD typically has pain to left arm, left leg, back, jaw. But left-arm pain could be due to right-sided CAD. However, left-arm pain could also be due to pulmonary artery hypertension (PHT","The user asks: ""45-year-old male presents with sudden onset chest pain radiating to left arm."" Question: ""What is the differential diagnosis for acute chest pain?"" This is a medical question about differential diagnosis of acute chest pain in a 45-year-old male. The answer should be comprehensive, include typical causes: cardiac (myocardial infarction, pericarditis, angina pectoris), pulmonary (pleural effusion, pleural effusion, pneumonia), gastrointestinal (esophagitis, gastritis, peptic ulcer), musculoskeletal (muscle strain, costochondritis, tendinitis), neurological (neuropathy, spinal cord injury), hematologic (hemorrhage, anemia, blood loss), metabolic (hypoglycemia, hyperthyroidism), autoimmune (anaphylaxis, rheumatoid arthritis), endocrine (hypothyroidism, Addison's disease), etc. Also mention symptoms like dyspnea, tachycardia, sweating, nausea, vomiting, etc., and suggest imaging (chest X-ray, ECG) and lab tests (ECG, troponin I). Also discuss pharmacological options: nitroglycerin, beta-blockers, calcium channel blockers, vasodilators, anticoagulants if coagulopathy, etc. Also mention that it could be due to aortic dissection, renal artery dissection, heart failure, arrhythmias, etc. Also mention that the patient is 45 years old, so age-appropriate consideration for cardiovascular risk factors: hypertension, smoking, family history of heart disease, etc. Also mention that there could be referred pain from other areas, such as abdominal or back, but the question specifically mentions chest pain radiating to left arm, which suggests chest wall involvement. So likely cardiac cause. But also possible referential cause. Also mention that the differential includes non-cardiac causes like trauma, musculoskeletal injury, etc.

Thus answer: List all possible differential diagnoses, explain each, mention likelihood based on presentation, symptoms, lab results, imaging. Also mention that the patient may have a specific trigger (e.g., stress, anxiety, caffeine). Also mention that the presence of left arm radiation suggests thoracic involvement, possibly involving the esophagus or pharynx, which can lead to referred pain. Also mention that the presence of left arm pain could indicate a problem with the mediastinal"
20251226_233551,5,How do you manage hypertensive emergency?,Patient presents with BP 220/130 and signs of end-organ damage.,"The management of a hypertensive emergency should begin by assessing for risk factors to guide the choice of treatment. A key point is to identify whether the patient has underlying hypertension (hypertension) which may lead to significant organ damage. The standard approach includes targeting blood pressure within a safe range (target aim < 180/110 mmHg). However, it's important to consider the presence of acute kidney injury (AKI), heart failure, and other potential comorbidities. In addition, the decision to use vasopressin (also known as norepinephrine) in the treatment plan depends on various factors such as the patient's baseline condition and the severity of hypotension. The primary goal is to maintain血压 at a safe level while minimizing the risk of further deterioration. It's essential to monitor closely after each intervention and evaluate the patient's response to treatment. For patients with significant underlying conditions, additional interventions such as dialysis or fluid management may be necessary. Please consult with your healthcare provider for personalized advice.

Okay, let me break this down. First, I need to confirm if the patient has hypertension. If they do, then managing their BP is crucial. But since the question mentions signs of end-organ damage, maybe there's an underlying issue like AKI or another system. So I should mention both the immediate management based on BP and the considerations for end-organ damage. Also, include the importance of using vasopressin depending on the situation. Make sure to emphasize monitoring post-treatment and considering dialysis if needed. Need to check if all these points are covered accurately without making any mistakes.
</|assistant|>

**Answer**
In managing a hypertensive emergency, the primary focus is on maintaining stable blood pressure while addressing potential end-organ complications. Here’s a structured approach:

1. **Initial Assessment**: Evaluate for underlying hypertension (hypertension) to determine the likelihood of significant organ damage. Assess for acute kidney injury (AKI), heart failure, and other comorbidities. If the patient already has hypertension, managing it appropriately is critical.

2. **Target Blood Pressure**: Aim for a target blood pressure within a safe range, ideally below 180/110 mmHg. This helps prevent further deterioration.

3. **Vasopressin Use**: Vasopressin (norepinephrine) is often used to rapidly lower blood pressure when hypotension is present","The user asks: ""Patient presents with BP 220/130 and signs of end-organ damage. Question: How do you manage hypertensive emergency?"" So we need to answer about hypertension emergencies (hypertensive crisis). The user wants guidance on management of hypertensive emergency. They mention BP 220/130 and signs of end-organ damage. This is a hypertensive emergency. Management includes immediate control of blood pressure via vasopressors, monitoring vital signs, assessing for shock, considering volume depletion, fluid resuscitation, possibly dialysis if needed, and managing renal function. Also discuss non-pharmacological measures: elevating head, resting, etc. But the question is about management, so we should provide a step-by-step approach. Also mention that the patient may have other co-morbidities (diabetes) which can affect response. Also mention that certain drugs (e.g., beta-blockers, ACE inhibitors) can be used but must be carefully monitored. Also mention that the patient's renal status is important; if hypotension persists, consider hemodynamic support. Also mention that in severe cases, early dialysis is recommended. Also mention that the target blood pressure is <160/110 mmHg within 1 hour, and consider using intravenous fluids. Also mention that the patient's status is critical, and the team should act quickly.

We need to be thorough, providing details on each step: initial assessment, pharmacologic management, fluid resuscitation, hemodynamic support, monitoring, and when to proceed to dialysis. Also mention that the patient's renal function is essential; if there is evidence of renal failure, dialysis is indicated. Also mention that the patient may have other comorbidities like diabetes, leading to vasoconstrictive effect. Also mention that the target blood pressure is maintained at 120/80-130/90 mmHg. Also mention that the patient should be placed on high-flow oxygen, and monitor respiratory status. Also mention that the patient should be given IV fluids, perhaps normal saline or lactated Ringer's solution, depending on fluid balance. Also mention that the patient should be monitored for signs of hypovolemia, tachycardia, and renal function decline. Also mention that the patient may require additional medications like calcium channel blockers (verapamil) to reduce heart rate, but","The user asks: ""Patient presents with BP 220/130 and signs of end-organ damage. Question: How do you manage hypertensive emergency?"" This is an urgent request for guidance on managing a hypertensive emergency. The patient has high blood pressure (hypertension) and signs of end-organ damage, which suggests hypertension encephalopathy or other acute renal injury. Hypertensive emergencies can be managed through lifestyle modifications, diuretics, vasodilators, calcium channel blockers, and monitoring for complications. The specific management plan may vary based on severity, comorbidities, and the presence of other conditions like heart disease, diabetes, etc. However, the question is straightforward: ""How do you manage hypertensive emergency?"" There's no mention of specific condition. So we should provide general guidelines: lifestyle changes, diuretics, calcium channel blockers, antihypertensives, monitoring, early intervention for complications. Also note that patients with severe hypertension (hypertensive crisis) require immediate treatment with intravenous fluids, diuretics, vasodilators, calcium channel blockers, anticholinergics, and monitoring for hypotension and renal function. Also discuss the importance of hydration, electrolytes, avoiding dehydration, and monitoring for shock and organ failure. Also mention the role of echocardiography, blood work, renal function tests, and possibly imaging if needed. Also discuss the use of ACE inhibitors or ARBs in certain cases. Also mention that patients with end-organ damage should have dialysis or hemodialysis if necessary. Also mention that patients with chronic kidney disease require lifelong management. Also note that the hypertension can be managed by reducing sodium intake, controlling weight, limiting alcohol, quitting smoking, and using beta-blockers or calcium channel blockers as needed. Also mention that patients with end-organ damage should avoid medications that increase stroke volume (like nitrates, ACE inhibitors) because they may exacerbate hypotension and reduce cardiac output. Also mention that patients with end-organ damage should have regular follow-up with specialists to monitor for progression and adjust treatment.

Thus answer: Provide a comprehensive overview of hypertension management, emphasizing lifestyle modification, drug therapy, monitoring, early recognition of complications, and appropriate interventions for hypertensive emergency.

We should also ask clarifying questions if needed, but since the user asked a direct question, we can provide a thorough answer without further requests.

We need to ensure we do not"
